Type,SKU,title,Images,Regular price,Tags,Categories,Description,Short Description,In stock?,meta:rank_math_focus_keyword
simple,test28,Will Not Let The Winter Win Tank Top,http://localhost/dev/wp-content/uploads/2024/02/T-DUONG-Boutique-0638-Tank-Top.jpg,25.95,"29,28",24,"[post_title]

<ul>
<li>Embrace warmth and style this season with our meticulously crafted all-over printed Knitted Sweater. This exceptional piece of clothing is designed to provide unparalleled comfort and a touch of sophistication, setting a new standard for your winter wardrobe.</li>
<li>Our Knitted Sweater is carefully constructed from a premium blend of polyester and spandex, utilizing modern techniques that result in a fabric that is not only soft but also remarkably comfortable to wear. The luxurious feel against your skin ensures you stay cozy and warm even on the chilliest days.</li>
<li>What truly sets our Sweater apart is its high-definition heat-dye application, guaranteeing the vibrant colors and intricate designs remain vivid and eye-catching even after numerous machine washes. Say goodbye to the fading, shrinking, or wrinkling that can plague other sweaters; ours is built to last, ensuring you can enjoy its beauty and comfort for many seasons.</li>
<li>For those who appreciate classic color choices, our Sweater offers thread lines in either black or white, providing a timeless look suitable for any occasion. It’s a versatile piece that can effortlessly complement your existing wardrobe.</li>
<li>Our company takes pride in crafting each Sweater to order, ensuring you receive a unique product. While there may be slight variations in the design along the seams and arms due to the custom production process, we guarantee that you’ll cherish the uniqueness of your Sweater.</li>
<li>So why wait? Elevate your winter wardrobe by ordering your all-over printed Knitted Sweater today. Experience the perfect fusion of style, comfort, and durability to keep you warm and fashionable throughout the season. Don’t miss out on the opportunity to make a statement with a Sweater that stands out.</li>
</ul>
<em><strong>SOCIAL LINKS:</strong></em>
<ul>
<li><strong>Facebook:</strong> <a href=""https://www.facebook.com/BoutiqueChicSpot"" target=""_blank"" rel=""noreferrer noopener"">https://www.facebook.com/BoutiqueChicSpot</a></li>
<li><strong>TikTok:</strong> <a href=""https://chat.openai.com/c/www.tiktok.com/@boutiquechicspot"" target=""_blank"" rel=""noreferrer noopener"">www.tiktok.com/@boutiquechicspot</a></li>
<li><strong>Twitter:</strong> <a href=""https://twitter.com/boutiqchicspot"" target=""_blank"" rel=""noreferrer noopener"">https://twitter.com/boutiqchicspot</a></li>
<li><strong>Pinterest:</strong> <a href=""https://www.pinterest.com/boutiquechicspot/"" target=""_blank"" rel=""noreferrer noopener"">https://www.pinterest.com/boutiquechicspot</a></li>
<li><strong>YouTube:</strong> <a href=""https://www.youtube.com/@BoutiqueChicSpot"" target=""_blank"" rel=""noreferrer noopener"">https://www.youtube.com/@BoutiqueChicSpot</a></li>
</ul>
<a href=""https://boutiquechicspot.com/frequently-asked-questions/"" target=""_blank"" rel=""noreferrer noopener"">Frequently Asked Questions</a>",Short Description,instock,Will Not Let The Winter Win Tank Top
